Crop_fr,Crop_en,Crop_family,Latin_name,Crop_type_Pennington_2009,Crop_type_RP,Crop_function_CTIFL
,African yam bean,Fabaceae,Sphenostylis stenocarpa (Hochst. ex A. Rich.) Harms,,,
,Alchornea,Euphorbiaceae,Alchornea Sw.,,,
Maceron,Alexanders,Apiaceae,Smyrnium olusatrum,,"Medicinal, Aromatic Plants, Flowers & Others",
,Alfalfa,Fabaceae,Medicago sativa L.,,,
Amandes,Almonds,Rosaceae,Prunus dulcis,Fruit,Fruits,Nut fruits
Alysson,Alyssum,Brassicaceae,Alyssum,,"Medicinal, Aromatic Plants, Flowers & Others",
Angélique,Angelica,Apiaceae,Angelica archangelica L.,,"Medicinal, Aromatic Plants, Flowers & Others",
Anis,Anise,Apiaceae,Pimpinella anisum L.,,"Medicinal, Aromatic Plants, Flowers & Others",
Pomme,Apple,Rosaceae,Malus pumila Mill.,Fruit,Fruits,Pome fruits
Pomme Golden ,Apple (Golden delicious),Rosaceae,Malus pumila,Fruit,Fruits,Pome fruits
Pomme Granny Smith ,Apple (Granny Smith),Rosaceae,Malus pumila,Fruit,Fruits,Pome fruits
Pomme de table autres ,Apple (others),Rosaceae,Malus pumila Mill.,Fruit,Fruits,Pome fruits
Abricot,Apricot,Rosaceae,Prunus armeniaca L.,Fruit,Fruits,Stone fruits
Armoise,Artemisia (mugwort),Asteraceae,Artemisia absinthium L.,,"Medicinal, Aromatic Plants, Flowers & Others",
Artichaut,Artichoke,Asteraceae,Cynara cardunculus,Vegetable,Vegetables,Leaf vegetables
Asperge,Asparagus,Asparagaceae,Asparagus officinalis,Vegetable,Vegetables,Leaf vegetables
Aster,Aster flower,Asteraceae ,Aster,,"Medicinal, Aromatic Plants, Flowers & Others",
Aubergine,Aubergine,Solanaceae,Solanum melongena L.,Vegetable,Vegetables,Fruiting vegetables
,Bambara groundnut,Fabaceae,Vigna subterranea L.,,,
Banane,Banana,Musaceae,Musa L.,,Fruits,
Orge,Barley,Poaceae,Hordeum vulgare L.,,Cereals,
Basilic,Basil,Lamiaceae,Ocimum basilicum L.,,"Medicinal, Aromatic Plants, Flowers & Others",
Haricot,Bean,Fabaceae,Phaseolus L.,Vegetable,Vegetables,Leguminous vegetables
"Haricots (à rame, à grain, blancs, violets, nains)","Beans (French, snap, shell, etc.)",Fabaceae,Phaseolus vulgaris,Vegetable,Vegetables,Leguminous vegetables
Betterave,Beetroot,Amaranthaceae,Beta vulgaris L.,Vegetable,Vegetables,Root vegetables
Betterave botte,Beetroot (fresh),Amaranthaceae,Beta vulgaris L.,Vegetable,Vegetables,Root vegetables
Betterave conservation,Beetroot (stor.),Amaranthaceae,Beta vulgaris L.,Vegetable,Vegetables,Root vegetables
,Black gram,Fabaceae,Vigna mungo L. Hepper,,,
Radis noir,Black radish,Brassicaceae,Raphanus sativus var. niger,,Vegetables,
Cassis,Blackcurrant,Grossulariaceae,Ribes nigrum,Berries,Shrubs & Berries,Berries
Myrtilles,Blueberry,Ericaceae,Vaccinium myrtillus,Berries,Shrubs & Berries,
Bourrache,Borage,Boraginaceae,Borago officinalis L.,,"Medicinal, Aromatic Plants, Flowers & Others",
Calebasse,Bottle gourd,Cucurbitaceae ,Lagenaria siceraria (Molina) Standl.,,Vegetables,
Feve,Broad bean,Fabaceae,Vicia faba L.,Vegetable,Vegetables,Leguminous vegetables
Chou Brocoli,Broccoli,Brassicaceae,Brassica oleracea L. var. botrytis,Vegetable,Vegetables,Leaf vegetables
Chou de bruxelles,Brussels sprout,Brassicaceae,Brassica oleracea L. var. gemmifera DC.,Vegetable,Vegetables,Leaf vegetables
Chou de Bruxelles ,Brussels sprouts,Brassicaceae,Brassica oleracea L. var. gemmifera DC.,Vegetable,Vegetables,Leaf vegetables
Chou de Bruxelles ,Brussels_sprout,Brassicaceae,Brassica oleracea L. var. gemmifera DC.,Vegetable,Vegetables,Leaf vegetables
Courge butternut,Butternut squash,Cucurbitaceae ,Cucurbita moschata,Vegetable,Vegetables,
Chou,Cabbage,Brassicaceae,Brassica oleracea L.,Vegetable,Vegetables,Leaf vegetables
Choux Autres ,Cabbage (others),Brassicaceae,Brassica oleracea,Vegetable,Vegetables,Leaf vegetables
"Choux (cabus, fleur, chinois, milan, frisé, rave)","Cabbages (cauliflower, savoy, etc.)",Brassicaceae,,,Vegetables,
Soucis,Calendula,Asteraceae,Calendula officinalis L.,,"Medicinal, Aromatic Plants, Flowers & Others",
Carvi,Caraway,Apiaceae,Carum carvi L.,,"Medicinal, Aromatic Plants, Flowers & Others",
Cardon,Cardoon,Asteraceae,Cynara cardunculus var. altilis,Vegetable,Vegetables,Leaf vegetables
Carotte,Carrot,Apiaceae,Daucus carota L. var. sativus Hoffm.,Vegetable,Vegetables,Root vegetables
Carotte botte,Carrot (fresh),Apiaceae,Daucus carota L. var. sativus Hoffm.,Vegetable,Vegetables,Root vegetables
Carotte conservation,Carrot (Stor.),Apiaceae,Daucus carota L. var. sativus Hoffm.,Vegetable,Vegetables,Root vegetables
Manioc,Cassava,Euphorbiaceae,Manihot esculenta Crantz,,Vegetables,
Dolique,Catjang,Fabaceae,Vigna unguiculata subsp. Cylindrica,,Vegetables,
Chou-fleur ,Cauliflower,Brassicaceae,Brassica oleracea L. var. italica,Vegetable,Vegetables,Leaf vegetables
Céleri-rave ,Celeriac (Stor.),Apiaceae,Apium graveolens L. var. rapaceum (Mill.) Gaudin,Vegetable,Vegetables,Root vegetables
Céleri branche ,Celery,Apiaceae,Apium graveolens L.,Vegetable,Vegetables,Leaf vegetables
Céleris (branche & rave),Celery (or Celeriac),Apiaceae,Apium graveolens L.,Vegetable,Vegetables,
,Ceylon spinach,Basellaceae,Basella alba L.,,,
Camomille,Chamomile,Asteraceae ,Chamaemelum nobile L.,,"Medicinal, Aromatic Plants, Flowers & Others",
Bette et Carde ,Chard,Amaranthaceae,Beta vulgaris L. ssp. cicla L. W.D.J. Koch,Vegetable,Vegetables,Leaf vegetables
"Blettes (bettes, cardes, poirées…)","Chard (silver beet, leaf beet...)",Amaranthaceae,Beta vulgaris L. ssp. cicla L. W.D.J. Koch,Vegetable,Vegetables,Leaf vegetables
Cerise,Cherry,Rosaceae,Prunus avium,Fruit,Fruits,Stone fruits
Cerfeuil,Chervil,Apiaceae,Anthriscus cerefolium L.,,"Medicinal, Aromatic Plants, Flowers & Others",
Pois chiche,Chickpea,Fabaceae,Cicer arietinum L.,,,
,Chicory,Asteraceae,Cichorium intybus L.,,,
Piment,Chile pepper / chili,Solanaceae,Capsicum annuum,Vegetable,Vegetables,Fruiting vegetables
Piment,Chili,Solanaceae,Capsicum annuum L.,Vegetable,Vegetables,Fruiting vegetables
,Chinaberrytree,Meliaceae,Melia azedarach L.,,,
Chou chinois,Chinese cabbage,Brassicaceae,Brassica rapa subsp. Pekinensis,Vegetable,Vegetables,Leaf vegetables
Ciboulette,Chive,Alliaceae,Allium schoenoprasum L.,,"Medicinal, Aromatic Plants, Flowers & Others",
Ciboulette,Chives,Alliaceae,Allium schoenoprasum L.,,"Medicinal, Aromatic Plants, Flowers & Others",
Chrysanthème ,Chrysanthemum,Asteraceae ,Chrysanthemum,,"Medicinal, Aromatic Plants, Flowers & Others",
Chicorée,Cichorium ,Asteraceae,Cichorium endivia L.,Vegetable,Vegetables,Leaf vegetables
Chicoree frisee,Cichorium ,Asteraceae,Cichorium endivia L.,Vegetable,Vegetables,Leaf vegetables
Frisée,Cichorium ,Asteraceae,Cichorium endivia L.,,Vegetables,
Agrumes (en général),Citrus fruits (in general),Rutaceae,Citrus L.,Fruit,Fruits,
Trèfle,Clover,Fabaceae,Trifolium (genus),,"Medicinal, Aromatic Plants, Flowers & Others",
Haricot de guar,Cluster bean,Fabaceae,Cyamopsis tetragonoloba L. Taubert,Vegetable,Vegetables,Leguminous vegetables
,Coco yam,Araceae,Colocasia esculenta (L.) Schott,,,
Café,Coffee,Rubiaceae,Coffea L.,,,
Café,Coffee arabica,Rubiaceae,Coffea arabica L.,,Fruits,
Café,Coffee robusta,Rubiaceae,Coffea canephora Pierre ex Froehner,,Fruits,
Chou kale,Collard,Brassicaceae,Brassica oleracea L. var. acephala DC.,Vegetable,Vegetables,Leaf vegetables
Consoude,Comfrey,Boraginaceae,Symphytum officinale,,"Medicinal, Aromatic Plants, Flowers & Others",
Coreopsis,Coreopsis,Asteraceae ,Coreopsis,,"Medicinal, Aromatic Plants, Flowers & Others",
Coriandre,Coriander,Apiaceae,Coriandrum sativum L.,,"Medicinal, Aromatic Plants, Flowers & Others",
Niébé,Cowpea,Fabaceae,Vigna unguiculata L. Walp.,,Vegetables,
Crosne,Crosne,Lamiaceae,Stachys affinis,,Vegetables,
Crotalaire,Crotalaria,Fabaceae,Crotalaria juncea L.,,"Medicinal, Aromatic Plants, Flowers & Others",
Concombre,Cucumber,Cucurbitaceae ,Cucumis sativus L.,Vegetable,Vegetables,Fruiting vegetables
Cucurbitaceae (fam.),Cucurbitaceae (fam.),Cucurbitaceae ,,,Vegetables,
Cumin,Cumin,Apiaceae,Cuminum cyminum,,"Medicinal, Aromatic Plants, Flowers & Others",
Salade Chicoree frisee ,Curly endive,Asteraceae,Cichorium endivia var. crispum,Vegetable,Vegetables,Leaf vegetables
,Dactyladenia barteri,Chrysobalanaceae,Dactyladenia barteri,,,
Dahlia,Dahlia,Asteraceae,Dahlia pinnata,,"Medicinal, Aromatic Plants, Flowers & Others",
Pissenlit,Dandelion,Asteraceae,Taraxacum officinale L.,,"Medicinal, Aromatic Plants, Flowers & Others",
Dauphinelle,Delphinium,Ranunculaceae,Delphinium L.,,"Medicinal, Aromatic Plants, Flowers & Others",
Digitale,Digitalis,Scrophulariaceae,Digitalis purpurea L.,,"Medicinal, Aromatic Plants, Flowers & Others",
Aneth,Dill,Apiaceae,Anethum graveolens L.,,"Medicinal, Aromatic Plants, Flowers & Others",
Blé dur,Durum wheat,Poaceae,Triticum durum Desf.,,,
Pastel des teinturiers,Dyer's woad,Brassicaceae,Isatis tinctoria L.,,,
,Eastern cottonwood,Salicaceae,Populus deltoides W. Bartram ex Marshall,,,
Aubergine,Eggplant,Solanaceae,Solanum melongena L.,Vegetable,Vegetables,Fruiting vegetables
Orme,Elm,Ulmaceae,Ulmus L.,,Trees (woody perennials),
Endive,Endive,Asteraceae,Cichorium endivia,Vegetable,Vegetables,Leaf vegetables
Salade Chicoree scarole ,Escarole,Asteraceae,Cichorium endivia var. latifolia,Vegetable,Vegetables,Leaf vegetables
Scarole,Escarole,Asteraceae,Cichorium endivia var. latifolia,Vegetable,Vegetables,Leaf vegetables
Eucalyptus,Eucalyptus,Myrtaceae,Eucalyptus torelliana F.V. Mueller,,,
Fève & Fèverole,Fava bean,Fabaceae,Vicia faba L.,Vegetable,Vegetables,Leguminous vegetables
Feve,Fava_bean,Fabaceae,Vicia faba L.,Vegetable,Vegetables,Leguminous vegetables
Féverole,Fava_bean,Fabaceae,Vicia faba L.,,Vegetables,
Fenouil,Fennel,Apiaceae,Foeniculum vulgare Mill.,Vegetable,Vegetables,Leaf vegetables
Fenugrec,Fenugreek,Fabaceae,Trigonella foenum-graecum L.,,Vegetables,
Figue,Fig,Moraceae,Ficus carica,Fruit,Fruits,Miscellaneous
,Finger millet,Poaceae,Eleusine coracana (L.) Gaertn.,,,
Lin,Flax ,Linaceae,Linum usitatissimum,,Cereals,
Millet des oiseaux,Foxtail millet,Poaceae,Setaria italica L. P. Beauv.,,,
Haricot,French bean,Fabaceae,Phaseolus vulgaris,Vegetable,Vegetables,Leguminous vegetables
Haricot vert ,French bean,Fabaceae,Phaseolus vulgaris,Vegetable,Vegetables,Leguminous vegetables
Œillet d'Inde,French marigold,Asteraceae,Tagetes patula L.,,"Medicinal, Aromatic Plants, Flowers & Others",
Œillet d'Inde (Tagète),French marigold,Asteraceae,Tagetes patula L.,,"Medicinal, Aromatic Plants, Flowers & Others",
Œillet du Japon,French marigold,Asteraceae,Tagetes patula,,"Medicinal, Aromatic Plants, Flowers & Others",
Arbres fruitiers (en général),Fruit trees (in general),Fruit trees,,,Fruits,
Ail,Garlic,Alliaceae,Allium sativum L.,Vegetable,Vegetables,Root vegetables
Ail (en vert),Garlic (spring),Alliaceae,Allium sativum L.,Vegetable,Vegetables,Root vegetables
Ail (en sec),Garlic (Stor.),Alliaceae,Allium sativum L.,Vegetable,Vegetables,Root vegetables
Glaïeul,Gladiolus,Iridaceae,Gladiolus communis L.,,"Medicinal, Aromatic Plants, Flowers & Others",
,Gliciridia,Fabaceae,Gliciridia sepium,,,
,Gmelina,Lamiaceae,Gmelina arborea Roxb,,,
Groseille,Gooseberry,Grossulariaceae,Ribes uva-crispa,,Shrubs & Berries,Berries
Herbe,Grass,Poaceae,Poa L.,,"Medicinal, Aromatic Plants, Flowers & Others",
Gesse,Grass pea,Fabaceae,Lathyrus sativus L.,,Vegetables,
Ignam,Greater yam,Dioscoreaceae,Dioscorea alata L.,,Vegetables,
,Green chireta,Acanthaceae,Andrographis paniculata (Burm. f.) Wall. ex Nees,,,
Reine-claude ,Greengage,Rosaceae,Prunus domestica subsp. italica var. claudiana,Fruit,Fruits,Stone fruits
Glycine tubéreuse,Groundnut,Fabaceae,Apios americana Medik.,Vegetable,Vegetables,Root vegetables
,Hairy indigo,Fabaceae,Indigofera hirsuta L.,,,
Aromatique,Herbs and plants,Miscellaneous,Miscellaneous,,"Medicinal, Aromatic Plants, Flowers & Others",Miscellaneous
,Holy basil,Lamiaceae,Holy Basil (Ocimum sanctum L.),,,
Raifort,Horseradish,Brassicaceae,Armoracia rusticana,,"Medicinal, Aromatic Plants, Flowers & Others",
Hosta,Hostas,Asparagaceae,Hosta L.,,"Medicinal, Aromatic Plants, Flowers & Others",
Hysope,Hysop,Lamiaceae,Hyssopus officinalis,,"Medicinal, Aromatic Plants, Flowers & Others",
,Indian jujube,Rhamnaceae,Ziziphus mauritiana Lam.,,,
,Jack bean,Fabaceae,Canavalia ensiformis L. DC.,,,
,Jackfruit,Moraceae,Artocarpus heterophyllus Lam.,,,
Topinambour,Jerusalem artichoke,Asteraceae,Helianthus tuberosus L.,,Vegetables,
Jujube,Jujube,Rhamnaceae,Ziziphus zizyphus L. Karst.,,Fruits,
Chou kale,Kale,Brassicaceae,Brassica oleracea L. var. acephala DC.,Vegetable,Vegetables,Leaf vegetables
Kiwi,Kiwi,Actinidiaceae,Actinidia deliciosa,Fruit,Fruits,Berries
Chou-rave,Kohlrabi,Brassicaceae,Brassica oleracea L. var. gongylodes,Vegetable,Vegetables,Leaf vegetables
Lablab,Lablab bean,Fabaceae,Lablab purpureus L.,,Vegetables,
Mâche,Lamb lettuce,Caprifoliaceae,Valerianella locusta,Vegetable,Vegetables,Leaf vegetables
Laurier sauce,Laurel,Lauraceae,Laurus nobilis L.,,"Medicinal, Aromatic Plants, Flowers & Others",
Lavande,Lavender,Lamiaceae,Lavandula L.,,"Medicinal, Aromatic Plants, Flowers & Others",
Poireau,Leek,Alliaceae,Allium porrum L.,Vegetable,Vegetables,Leaf vegetables
Citron,Lemon,Rutaceae,Citrus medica L.,,Fruits,
Citronnier,Lemon,Rutaceae,Citrus limon L.,,Fruits,
Mélisse,Lemon balm,Lamiaceae,Melissa officinalis L.,,"Medicinal, Aromatic Plants, Flowers & Others",
Citronelle,Lemon grass,Poaceae,Cymbopogon citratus,,"Medicinal, Aromatic Plants, Flowers & Others",
Lentille,Lentil,Fabaceae,Lens culinaris,,Vegetables,
Laitue,Lettuce,Asteraceae,Lactuca sativa L.,Vegetable,Vegetables,Leaf vegetables
Salades Autres PF ,Lettuce (others),Asteraceae,Lactuca sativa,Vegetable,Vegetables,Leaf vegetables
Lilas,Lilac,Oleaceae,Syringa vulgaris,,"Medicinal, Aromatic Plants, Flowers & Others",
Réglisse,Liquorice,Fabaceae,Glycyrrhiza glabra L.,,"Medicinal, Aromatic Plants, Flowers & Others",
Livèche,Lovage,Apiaceae,Levisticum officinale,,"Medicinal, Aromatic Plants, Flowers & Others",
Lupin,Lupin,Fabaceae,Lupinus L.,,"Medicinal, Aromatic Plants, Flowers & Others",
Chou Caraïbe,Macabo,Araceae,Xanthosoma sagittifolium,,Vegetables,
Macadamia,Macadamia,Proteaceae,Macadamia integrifolia Maiden & Betche,,,
Maïs,Maize,Poaceae,Zea mays L.,Vegetable,Vegetables,Fruiting vegetables
,Mango,Anacardiaceae,Mangifera indica L.,,,
Tagète,Marigold,Asteraceae,Tagetes patula L.,,"Medicinal, Aromatic Plants, Flowers & Others",
Luzerne,Medicago,Fabaceae,Medicago sativa L.,,"Medicinal, Aromatic Plants, Flowers & Others",
Melon,Melon,Cucurbitaceae ,Cucumis melo L.,Fruit,Vegetables,Fruiting vegetables
Millet,Millet,Poaceae,Pennisetum glaucum,,Cereals,
Menthe,Mint,Lamiaceae,Mentha spicata L.,,"Medicinal, Aromatic Plants, Flowers & Others",
Mesclun,Mixed salad leaves,Miscellaneous,Miscellaneous,,Vegetables,Leaf vegetables
,Moth bean,Fabaceae,Vigna aconitifolia (Jacq.) Marechal,,,
Mûre,Mulberry,Moraceae,Morus alba L.,Berries,Shrubs & Berries,
,Mung bean,Fabaceae,Vigna radiata L.,,,
Moutarde,Mustard,Brassicaceae,Brassica juncea L.,,Vegetables,
,Muster John Henry,Asteraceae,Tagetes minuta L.,,,
Capucine,Nasturtium,Tropaeolaceae,Tropaeolum,,"Medicinal, Aromatic Plants, Flowers & Others",
Nectarine et brugnon ,Nectarines,Rosaceae,Prunus persica nucipersica,Fruit,Fruits,Stone fruits
Nectarine,Nectarines,Rosaceae,Prunus persica nucipersica,Fruit,Fruits,Stone fruits
Ortie,Nettle,Urticaceae,Urtica dioica L.,,"Medicinal, Aromatic Plants, Flowers & Others",
Avoine,Oat,Poaceae,Avena sativa L.,,Cereals,
Gombo,Okra,Malvaceae,Abelmoschus esculentus,,Vegetables,
Olive,Olive,Oleaceae,Olea europaea,Fruit,Fruits,
Oignon,Onion,Alliaceae,Allium cepa L.,Vegetable,Vegetables,Root vegetables
Oignon de couleur ,Onion (colored),Alliaceae,Allium cepa L.,Vegetable,Vegetables,Root vegetables
Oignon botte,Onion (spring),Alliaceae,Allium cepa L.,Vegetable,Vegetables,Root vegetables
Oignon conservation,Onion (Stor.),Alliaceae,Allium cepa L.,Vegetable,Vegetables,Root vegetables
Oignon blanc ,Onion (white),Alliaceae,Allium cepa L.,Vegetable,Vegetables,Root vegetables
Arroche,Orach,Chenopodiaceae,Atriplex halimus L.,,Vegetables,
Origan (Marjolaine),Oregano,Lamiaceae,Origanum vulgare,,"Medicinal, Aromatic Plants, Flowers & Others",
Persil,Parsley,Apiaceae,Petroselinum crispum L.,Vegetable,"Medicinal, Aromatic Plants, Flowers & Others",Leaf vegetables
Panais,Parsnip,Apiaceae,Pastinaca sativa,Vegetable,Vegetables,Root vegetables
Pâtisson,Pattypan squash,Cucurbitaceae ,Cucurbita pepo L. var. ovifera L. Harz,,Vegetables,
Petits pois ,Pea,Fabaceae,Pisum sativum L.,Vegetable,Vegetables,Leguminous vegetables
Pêche,Peach,Rosaceae,Prunus persica (L.) Batsch,Fruit,Fruits,Stone fruits
Arachide,Peanut,Fabaceae,Arachis hypogaea L.,,Vegetables,
Poire,Pear,Rosaceae,Pyrus communis L. ,Fruit,Fruits,Pome fruits
Poires d'automne ,Pear (autumn),Rosaceae,Pyrus communis,Fruit,Fruits,Pome fruits
Poires Jules Guyot ,Pear (French Bartlett),Rosaceae,Pyrus communis,Fruit,Fruits,Pome fruits
Poires d'ete autres ,Pear (summer),Rosaceae,Pyrus communis,Fruit,Fruits,Pome fruits
Poires William's ,Pear (Williams),Rosaceae,Pyrus communis,Fruit,Fruits,Pome fruits
Poires d'hiver ,Pear (winter),Rosaceae,Pyrus communis,Fruit,Fruits,Pome fruits
Mil,Pearl millet,Poaceae,Pennisetum americanum L. Leeke,,Cereals,
Piment,Pepper,Solanaceae,Capsicum annuum L.,Vegetable,Vegetables,Fruiting vegetables
,Perennial ryegrass,Poaceae,Lolium perenne L.,,,
Pétunia,Petunia,Solanaceae,Petunia (genus),,"Medicinal, Aromatic Plants, Flowers & Others",
Phacélie,Phacelia,Hydrophyllaceae,Phacelia (genus),,"Medicinal, Aromatic Plants, Flowers & Others",
Cornichon,Pickled cucumber,Cucurbitaceae ,Cucumis anguria,Vegetable,Vegetables,Fruiting vegetables
Pois d'Angole,Pigeon pea,Fabaceae,Cajanus cajan L. Millsp.,,Vegetables,
Prune,Plum,Rosaceae,Prunus domestica,Fruit,Fruits,Stone fruits
Prunes Autres ,Plum (others),Rosaceae,Prunus domestica,Fruit,Fruits,Stone fruits
Peuplier,Poplar,Salicaceae,Populus L.,,,
Pomme de terre,Potato,Solanaceae,Solanum tuberosum,Vegetable,Vegetables,Root vegetables
Pomme de terre primeur,Potato (early),Solanaceae,Solanum tuberosum,Vegetable,Vegetables,Root vegetables
Pomme de terre conservation,Potato (Stor.),Solanaceae,Solanum tuberosum,Vegetable,Vegetables,Root vegetables
Citrouille,Pumpkin,Cucurbitaceae ,Cucurbita pepo L. var. pepo,Vegetable,Vegetables,Fruiting vegetables
Radis,Radish,Brassicaceae,Raphanus sativus L.,Vegetable,Vegetables,Root vegetables
Radis botte,Radish (fresh),Brassicaceae,Raphanus sativus L.,Vegetable,Vegetables,Root vegetables
Radis conservation,Radish (Stor.),Brassicaceae,Raphanus sativus L.,Vegetable,Vegetables,Root vegetables
Framboise,Raspberry,Rosaceae,Rubus idaeus,Berries,Shrubs & Berries,Berries
,Rattan grass,Poaceae,Vulpia myuros L.,,,
Trèfle rouge,Red clover,Fabaceae,Trifolium pratense L.,,"Medicinal, Aromatic Plants, Flowers & Others",
Rhubarbe,Rhubarb,Polygonaceae,Polygonaceae,,Vegetables,
,Rice,Poaceae,Oryza sativa L.,,,
,Rice bean,Fabaceae,Vigna umbellata (Thunb.) Ohwi & H. Ohashi,,,
Roquette,Rocket,Brassicaceae,Eruca sativa Mill.,,Vegetables,
Chou romanesco,Romanesco broccoli,Brassicaceae,Brassica oleracea var. botrytis,Vegetable,Vegetables,Leaf vegetables
,Root parsley,Apiaceae,Petroselinum crispum var. tuberosum,,,
Rosier,Rose,Rosaceae,Rosa (genus),,"Medicinal, Aromatic Plants, Flowers & Others",
Romarin,Rosemary ,Lamiaceae,Rosmarinus officinalis,,"Medicinal, Aromatic Plants, Flowers & Others",
Citron jambhiri,Rough lemon,Rutaceae,Citrus jambhiri Lush.,,,
Hévéa,Rubber,Euphorbiaceae,Hevea brasiliensis,,Trees (woody perennials),
Rue,Rue,Rutaceae,Ruta graveolens L.,,"Medicinal, Aromatic Plants, Flowers & Others",
Rutabaga,Rutabaga / Swede,Brassicaceae,Brassica napus subsp. rapifera,Vegetable,Vegetables,Root vegetables
Seigle,Rye,Poaceae,Secale cereale L.,,Cereals,
Basilic,Sacred_basil,Lamiaceae,Ocimum tenuiflorum,,"Medicinal, Aromatic Plants, Flowers & Others",
NA,Safed musli,Asparagaceae,Chlorophytum borivilianum,,Vegetables,
Safran,Saffron,Iridaceae,Crocus sativus L.,,"Medicinal, Aromatic Plants, Flowers & Others",
Sauge,Salvia,Lamiaceae,Salvia officinalis L.,,"Medicinal, Aromatic Plants, Flowers & Others",
Sapotillier,Sapota,Sapotaceae,Manilkara zapota L. P. Royen,,Fruits,
Sarriette,Savory,Lamiaceae,Satureja,,"Medicinal, Aromatic Plants, Flowers & Others",
Choux de Milan,Savoy cabbage,Brassicaceae,Brassica oleracea var. sabauda L.,,Vegetables,
Cébette,Scallion,Alliaceae,Allium fistulosum L.,Vegetable,Vegetables,
Scorsonère,Scorzonera,Asteraceae,Scorzonera hispanica L.,,"Medicinal, Aromatic Plants, Flowers & Others",
Echalote,Shallot,Alliaceae,Allium cepa var. aggregatum,Vegetable,Vegetables,Root vegetables
Haricot à ecosser et demi-secs ,Shelling bean,Fabaceae,Phaseolus vulgaris,Vegetable,Vegetables,Leguminous vegetables
,Siamese cassia,Fabaceae,Senna siamea (Lam.) Irwin & Barneby,,,
Pois gourmand,Snow pea,Fabaceae,Pisum sativum var. saccharatum,Vegetable,Vegetables,Leguminous vegetables
Sorgho,Sorghum,Poaceae,Sorghum bicolor L. Moench,,Cereals,
Oseille,Sorrel,Polygonaceae,Rumex acetosa L.,,"Medicinal, Aromatic Plants, Flowers & Others",
Soja,Soybean,Fabaceae,Glycine max L.,,Cereals,
Epeautre,Spelt,Poaceae,Triticum spelta L.,,Cereals,
Epinard,Spinach,Amaranthaceae,Spinacia oleracea L.,Vegetable,Vegetables,Leaf vegetables
Euphorbe,Spurge,Euphorbiaceae,Euphorbia antiquorum L.,,"Medicinal, Aromatic Plants, Flowers & Others",
Courges ,Squash,Cucurbitaceae ,Cucurbita maxima Duchesne,Vegetable,Vegetables,Fruiting vegetables
"Courge, Citrouille, Potiron","Squash (pumpkins, butternut, etc.)",Cucurbitaceae ,,,Vegetables,
"Citrouille, Potiron et Courges ",Squash(s),Cucurbitaceae ,Cucurbita maxima Duchesne,Vegetable,Vegetables,Fruiting vegetables
Fraise,Strawberry,Rosaceae,Fragaria × ananassa (Weston),Berries,Shrubs & Berries,Fruiting vegetables
Tournesol,Sunflower,Asteraceae,Helianthus annuus L.,,Cereals,
Maïs Doux ,Sweet corn,Poaceae,Zea mays L.,Vegetable,Vegetables,Fruiting vegetables
Poivron,Sweet pepper,Solanaceae,Capsicum annuum L.,Vegetable,Vegetables,Fruiting vegetables
Patate douce,Sweet potato,Convolvulaceae,Ipomoea batatas L. Lam.,,Vegetables,
Basilic,Sweet_basil,Lamiaceae,Ocimum basilicum L.,,"Medicinal, Aromatic Plants, Flowers & Others",
Maïs Doux ,Sweet_corn,Poaceae,Zea mays L.,Vegetable,Vegetables,Fruiting vegetables
Raisin,Table grape,Vitaceae,Vitis vinifera,Fruit,Fruits,Miscellaneous
Raisin de Table ,Table grape,Vitaceae,Vitis vinifera,Fruit,Fruits,Miscellaneous
Vigne,Table grape,Vitaceae,Vitis vinifera,Fruit,Fruits,Miscellaneous
Tanaisie,Tansy,Asteraceae,Tanacetum vulgare L.,,"Medicinal, Aromatic Plants, Flowers & Others",
,Taro,Araceae,Colocasia esculenta (L.) Schott,,,
Estragon,Tarragon,Asteraceae,Artemisia dracunculus,,"Medicinal, Aromatic Plants, Flowers & Others",
Tétragone,Tetragonia,Aizoaceae,Tetragonia (genus),,"Medicinal, Aromatic Plants, Flowers & Others",
Thym,Thymus,Lamiaceae,Thymus vulgaris,,"Medicinal, Aromatic Plants, Flowers & Others",
Tomate,Tomato,Solanaceae,Solanum lycopersicum L.,Vegetable,Vegetables,Fruiting vegetables
Tomate cerise,Tomato (cherry),Solanaceae,Solanum lycopersicum L.,Vegetable,Vegetables,Fruiting vegetables
Tomate classique,Tomato (classic),Solanaceae,Solanum lycopersicum L.,Vegetable,Vegetables,Fruiting vegetables
Tomate ancienne,Tomato (heritage),Solanaceae,Solanum lycopersicum L.,Vegetable,Vegetables,Fruiting vegetables
,Torrel's eucalyptus,Myrtaceae,Corymbia torelliana (F. Muell.),,,
Salsifis,Tragopogon,Asteraceae,Tragopogon porrifolius,,Vegetables,
Curcuma,Turmeric,Zingiberaceae,Curcuma longa L.,,"Medicinal, Aromatic Plants, Flowers & Others",
Navet,Turnip,Brassicaceae,Brassica rapa var. Rapa L.,Vegetable,Vegetables,Root vegetables
Navet botte,Turnip (fresh),Brassicaceae,Brassica rapa var. Rapa,Vegetable,Vegetables,Root vegetables
Navet conservation,Turnip (Stor.),Brassicaceae,Brassica rapa var. Rapa,Vegetable,Vegetables,Root vegetables
Valériane,Valerian,Valerianaceae,Centranthus ruber L.,,"Medicinal, Aromatic Plants, Flowers & Others",
,Velvet bean,Fabaceae,Mucuna pruriens (L.),,,
Vesce,Vetch,Fabaceae,Vicia L.,,"Medicinal, Aromatic Plants, Flowers & Others",
Noix,Walnut,Juglandaceae,Juglans regia L.,Fruit,Fruits,Nut fruits
Noyer,Walnut,Juglandaceae,Juglans regia L.,Fruit,Fruits,Nut fruits
,Water yam,Dioscoreaceae,Dioscorea alata L.,,,
Cresson,Watercress,Brassicaceae,Nasturtium officinale,,Vegetables,
Salade Cresson ,Watercress,Brassicaceae,Nasturtium officinale,Vegetable,Vegetables,Leaf vegetables
Pastèque,Watermelon,Cucurbitaceae ,Citrullus lanatus var. lanatus,Fruit,Vegetables,Fruiting vegetables
Blé,Wheat,Poaceae,Triticum aestivum L.,,Cereals,
Trèfle blanc,White clover,Fabaceae,Trifolium repens L.,,,
,White leadtree,Fabaceae,Leucaena leucocephala (Lam.) de Wit,,,
,Withania,Solanaceae,Withania somnifera (L.) Dunal,,,
,Woman's tongue,Fabaceae,Albizia lebbeck (L.) Benth.,,,
Absinthe,Wormwood,Asteraceae,Artemisia vulgaris,,"Medicinal, Aromatic Plants, Flowers & Others",
Malanga,Xanthosoma,Araceae,Xanthosoma sagittifolium L. Schott,Vegetable,Vegetables,
Achillée,Yarrow,Asteraceae,Achillea millefolium L.,,"Medicinal, Aromatic Plants, Flowers & Others",
,Yellow squash,Cucurbitaceae ,Cucurbita pepo L.,,,
Zinnia,Zinnia,Asteraceae,Zinnia (genus),,"Medicinal, Aromatic Plants, Flowers & Others",
Courgette,Zucchini,Cucurbitaceae ,Cucurbita pepo var. cylindrica,Vegetable,Vegetables,Fruiting vegetables